camera_id,longitude,latitude
Z1-C1,73.7117656533138,19.9837107656918
Z1-C2,73.71268581115484,19.98283433375826
Z1-C3,73.71163987623503,19.98205478353546
Z1-C4,73.71173933735379,19.9826823450905
Z1-C5,73.71347844980347,19.98249601764709
Z1-C6,73.7116236347669,19.98286031627135
Z1-C7,73.71330745322594,19.98257250843313
Z1-C8,73.71292315093275,19.98249802804057
Z1-C9,73.71338156175302,19.98178127102643
Z1-C10,73.71249545900119,19.98320484413881
Z1-C11,73.71187665771225,19.98318416874205
Z1-C12,73.71328521689928,19.98199858167117
Z1-C13,73.71183495919192,19.98270933452398
Z1-C14,73.71237839722669,19.98272148916434
Z1-C15,73.71265324474186,19.98359148651821
Z1-C16,73.71218564706645,19.98249985638019
Z1-C17,73.71205441709265,19.98217694104499
Z1-C18,73.71339339913423,19.98262015174924
Z1-C19,73.71343658494628,19.98194379502273
Z1-C20,73.71229121195354,19.98175539001387
Z1-C21,73.7128850832962,19.98249265741606
Z1-C22,73.7128782110326,19.98208250392456
Z1-C23,73.71262287851363,19.98192905761278
Z1-C24,73.71299172730164,19.98209533363156
Z1-C25,73.71181166880612,19.98277742513226
Z1-C26,73.7126411187684,19.98325782070654
Z1-C27,73.71362396248709,19.98310447732337
Z1-C28,73.7123371664252,19.98285837398981
Z1-C29,73.71178640932033,19.98349943209555
Z1-C30,73.71202330766724,19.9818665357267
Z1-C31,73.71271169884483,19.98172988348014
Z1-C32,73.71201449981463,19.98231611776505
Z1-C33,73.71175373091431,19.9833170078995
Z1-C34,73.7129176884313,19.98183741932619
Z1-C35,73.71343124421865,19.98272878360087
Z1-C36,73.71216043686938,19.98193207160476
Z1-C37,73.71273250148302,19.98245988869297
Z1-C38,73.71242540675891,19.98253945124729
Z1-C39,73.7130345602596,19.98303815803671
Z1-C40,73.71199584768792,19.98200701938065
Z2-C1,73.80542172324245,20.04895412834006
Z2-C2,73.80280860036507,20.04924195592776
Z2-C3,73.80575000524578,20.04974951559931
Z2-C4,73.80303464284633,20.0488500291697
Z2-C5,73.80330022406486,20.04896757642969
Z2-C6,73.80583148508913,20.04914374867577
Z2-C7,73.80583799183891,20.04911821453614
Z2-C8,73.80563422886271,20.04973964532243
Z2-C9,73.80386460799889,20.04862677972201
Z2-C10,73.80494610848005,20.04953683332644
Z2-C11,73.80319575889625,20.04863757779595
Z2-C12,73.80559260467034,20.04928323694227
Z2-C13,73.80282748853753,20.04893893898554
Z2-C14,73.80286629608527,20.04930637938942
Z2-C15,73.80531237903259,20.04990460192451
Z2-C16,73.80366946208463,20.04951755453767
Z2-C17,73.80584741970367,20.04928649047636
Z2-C18,73.80348103194595,20.04939805763822
Z2-C19,73.80565649719328,20.04986929598253
Z2-C20,73.80423322067594,20.04881365851893
Z2-C21,73.80347004111688,20.04875227076688
Z2-C22,73.80550430268342,20.0491957402137
Z2-C23,73.80247386086444,20.04857518240653
Z2-C24,73.80289150023593,20.04883532514782
Z2-C25,73.80242300436186,20.04872992797304
Z2-C26,73.80551533496653,20.04895817575524
Z2-C27,73.80310511497596,20.04937565183491
Z2-C28,73.80474934241462,20.04959007987124
Z2-C29,73.8026832612962,20.048897550017
Z2-C30,73.80360557588448,20.0487529179094
Z2-C31,73.80581566654409,20.04876016557668
Z2-C32,73.80503272678067,20.04999340251636
Z2-C33,73.80399643757826,20.04963723298016
Z2-C34,73.80346844402602,20.04862631225472
Z2-C35,73.80549406505443,20.04939096209374
Z2-C36,73.80439556325983,20.04967645015735
Z2-C37,73.80469087231332,20.0493884127191
Z2-C38,73.8037685268397,20.04849265109668
Z2-C39,73.8043041370513,20.04973991129205
Z2-C40,73.80239201070823,20.04865555319873
Z3-C1,73.80022638611268,20.04785657874794
Z3-C2,73.79962114547837,20.04809792086194
Z3-C3,73.80100202417103,20.04616253516392
Z3-C4,73.80127101793042,20.04709008494507
Z3-C5,73.80144475205847,20.04677845138914
Z3-C6,73.80041813020546,20.0466680775104
Z3-C7,73.80097265066733,20.04792832936218
Z3-C8,73.80226491545994,20.04722003532182
Z3-C9,73.80135805207034,20.04722434270139
Z3-C10,73.80227354451993,20.04749217319734
Z3-C11,73.79968172639683,20.04797147523073
Z3-C12,73.7999996838183,20.04655648856904
Z3-C13,73.8004057908024,20.04715670177142
Z3-C14,73.80217466563211,20.04812807215352
Z3-C15,73.79978845464477,20.04619468324715
Z3-C16,73.80071814531425,20.04761184183263
Z3-C17,73.80184070483182,20.04699875315628
Z3-C18,73.80142698987932,20.04805029905046
Z3-C19,73.80178140109612,20.04712388067444
Z3-C20,73.80076299983548,20.04656556012364
Z3-C21,73.80001065396814,20.0472511867278
Z3-C22,73.80124345489047,20.04754215925318
Z3-C23,73.80120977221759,20.04586238657153
Z3-C24,73.80018470195347,20.04817195854365
Z3-C25,73.79976146516567,20.04599636962502
Z3-C26,73.80039564090087,20.04830063245106
Z3-C27,73.79969833719402,20.04687534786955
Z3-C28,73.8005532326599,20.04828620817657
Z3-C29,73.80092396485088,20.04775249294302
Z3-C30,73.80201572896587,20.0482323125754
Z3-C31,73.80115945450697,20.04590671937476
Z3-C32,73.8012501891399,20.04620726094282
Z3-C33,73.80102351491593,20.04831623632095
Z3-C34,73.80038516681525,20.04650773878786
Z3-C35,73.80057385189025,20.04704087192958
Z3-C36,73.80040581830472,20.04817967209916
Z3-C37,73.80068598109855,20.04772796830904
Z3-C38,73.80166562144213,20.04665503940614
Z3-C39,73.80146418913161,20.04694114487031
Z3-C40,73.79943678487244,20.04639335254922
Z4-C1,73.79533531725096,20.05370321094457
Z4-C2,73.7946834174199,20.053655344976
Z4-C3,73.79896762467065,20.0513323457306
Z4-C4,73.79320309781136,20.05042754261558
Z4-C5,73.79240331016763,20.05387915353572
Z4-C6,73.79280346081872,20.05341704410006
Z4-C7,73.79771055042295,20.05397708304649
Z4-C8,73.79239486943017,20.05366151791788
Z4-C9,73.79912567316963,20.04997589869965
Z4-C10,73.7947090142297,20.04993046270963
Z4-C11,73.79706197947327,20.05446187508877
Z4-C12,73.79733691619057,20.05382631470979
Z4-C13,73.79774520441852,20.04951335741172
Z4-C14,73.79355981334808,20.05396035266759
Z4-C15,73.79430976947779,20.05444982908979
Z4-C16,73.79852031825777,20.05389344717838
Z4-C17,73.79408708175808,20.05082683413876
Z4-C18,73.7976497161334,20.0520058032629
Z4-C19,73.79664673856607,20.0509341907915
Z4-C20,73.79658285283607,20.05262284610638
Z4-C21,73.7908417097406,20.05448284047341
Z4-C22,73.79449593795746,20.05347153807729
Z4-C23,73.79508653388436,20.0525678197072
Z4-C24,73.79879400756342,20.05392878789098
Z4-C25,73.79438844858859,20.05128272518252
Z4-C26,73.79726588944065,20.05415744418878
Z4-C27,73.79765649885513,20.05012900720114
Z4-C28,73.79556887464813,20.05051481817652
Z4-C29,73.79537301371559,20.05068489862666
Z4-C30,73.7935303659455,20.05173126579088
Z4-C31,73.79744747423693,20.05349065561496
Z4-C32,73.79768024533725,20.05200307468636
Z4-C33,73.79677760821261,20.05209637794215
Z4-C34,73.7921829535302,20.05362328547276
Z4-C35,73.79316285436177,20.04967282067959
Z4-C36,73.7922577864358,20.05494879215328
Z4-C37,73.7984978720349,20.05369624153128
Z4-C38,73.79729458930382,20.05016200077539
Z4-C39,73.79830487191742,20.05124201137413
Z4-C40,73.79567205339788,20.05143487913536
Z5-C1,73.71922600851256,19.92836461465719
Z5-C2,73.71939347233139,19.92995412623497
Z5-C3,73.71792404545788,19.9296153615649
Z5-C4,73.71753625857988,19.92975060476192
Z5-C5,73.71743835534404,19.93239265190962
Z5-C6,73.71836419727295,19.92865450072049
Z5-C7,73.71813251114332,19.92825561481414
Z5-C8,73.71786690465554,19.93013933917017
Z5-C9,73.71787152454652,19.93092534616887
Z5-C10,73.71769834997717,19.93022369783949
Z5-C11,73.71919053922298,19.92923308028485
Z5-C12,73.71955408263706,19.92959838044938
Z5-C13,73.71842495768372,19.92789509663131
Z5-C14,73.71889743819463,19.92999715276152
Z5-C15,73.71957714679296,19.92880459675987
Z5-C16,73.71781638131182,19.92937143493254
Z5-C17,73.71735419710473,19.93181084393972
Z5-C18,73.71776785169733,19.92889403533261
Z5-C19,73.71741749577303,19.93244078507078
Z5-C20,73.71816393914513,19.93037692851228
Z5-C21,73.71868461535325,19.93060417171487
Z5-C22,73.7196982254862,19.92879836681133
Z5-C23,73.71723117970653,19.92955748799491
Z5-C24,73.71840323549213,19.93061279567142
Z5-C25,73.7175203518115,19.9293901469567
Z5-C26,73.71901038650158,19.93029348143826
Z5-C27,73.71763435717881,19.93041601555689
Z5-C28,73.71863869821999,19.92854542356682
Z5-C29,73.71779464759189,19.93120210414182
Z5-C30,73.71948874287992,19.93004452510972
Z5-C31,73.71805209322245,19.93100581451158
Z5-C32,73.717640031399,19.93198579841351
Z5-C33,73.71792218343028,19.9293998734925
Z5-C34,73.71751276843108,19.92869347444163
Z5-C35,73.71838376427272,19.92847423487124
Z5-C36,73.71912696200866,19.92889517739665
Z5-C37,73.71858921836159,19.92978065786748
Z5-C38,73.71791594558653,19.92858733371991
Z5-C39,73.71769744688199,19.92870999547118
Z5-C40,73.7199069409187,19.92981434446591
Z6-C1,73.86251551802904,20.00044188721661
Z6-C2,73.8623686528747,20.00026570557181
Z6-C3,73.86119915406151,20.00097434689946
Z6-C4,73.86241368764674,20.00053816802006
Z6-C5,73.86118023523808,20.0015596000572
Z6-C6,73.8648571168424,20.00125719851414
Z6-C7,73.86237836135828,20.00164383465344
Z6-C8,73.86433092026348,20.00111761193191
Z6-C9,73.8644362682891,20.00148160263415
Z6-C10,73.86337048192603,20.00109760329698
Z6-C11,73.86249681846026,19.99983190412278
Z6-C12,73.86332872187073,20.00133834518274
Z6-C13,73.86272690803922,19.99985032612918
Z6-C14,73.86335875547778,20.00062665622987
Z6-C15,73.86322547807211,20.00087216069206
Z6-C16,73.86430420238433,20.00177527367019
Z6-C17,73.86590261394011,20.00057164450836
Z6-C18,73.86528434155122,20.00076221771759
Z6-C19,73.86281591365969,20.00129720284806
Z6-C20,73.86603301800078,20.00014985131975
Z6-C21,73.86557820098486,20.00134120244215
Z6-C22,73.86254744995132,20.00004494637437
Z6-C23,73.86117530748712,20.00107762214107
Z6-C24,73.86496859761526,20.0008457110733
Z6-C25,73.8647172381832,20.00071832076105
Z6-C26,73.86280766629733,20.00022296483102
Z6-C27,73.8640796468124,20.00131394035777
Z6-C28,73.8647108975096,20.00132162599128
Z6-C29,73.86473069824537,20.0015005111932
Z6-C30,73.86365356481105,20.00092456717052
Z6-C31,73.86546671587269,20.00088058130823
Z6-C32,73.86470795591943,20.00075771234614
Z6-C33,73.86274575072476,20.00070523376171
Z6-C34,73.8622147976428,20.00112659882235
Z6-C35,73.8642278328416,20.00161438508307
Z6-C36,73.86506819432398,20.00005168953425
Z6-C37,73.86518913116551,20.00157286526376
Z6-C38,73.86305889938401,20.00104475734928
Z6-C39,73.86562626762566,20.00028517466647
Z6-C40,73.86244777482922,20.00028343705824
Z7-C1,73.88074315733087,20.04883260858922
Z7-C2,73.88334405840763,20.04893040709484
Z7-C3,73.88200737155131,20.05061327205886
Z7-C4,73.8820070591153,20.04905205911719
Z7-C5,73.8818385046694,20.05165622670997
Z7-C6,73.8844463571564,20.05057553674375
Z7-C7,73.88435328862671,20.05135416692149
Z7-C8,73.88102255291304,20.04878704141353
Z7-C9,73.88130894474331,20.05157480556726
Z7-C10,73.88130753145565,20.05042976841559
Z7-C11,73.88211550749784,20.04926529796678
Z7-C12,73.88295905803542,20.05145416743075
Z7-C13,73.88178608632317,20.05210913658665
Z7-C14,73.88452054458821,20.05086952106577
Z7-C15,73.8830395992129,20.04874267207288
Z7-C16,73.88239764192082,20.04881381058375
Z7-C17,73.88274573325441,20.04939238730082
Z7-C18,73.87977759950306,20.05009416736643
Z7-C19,73.88188138136404,20.05041582868603
Z7-C20,73.88279025290241,20.05122217755047
Z7-C21,73.88273845930176,20.05036024361222
Z7-C22,73.88285848950055,20.05037440768674
Z7-C23,73.88193063071677,20.05127302875699
Z7-C24,73.88364658763263,20.05114772721636
Z7-C25,73.88359119604719,20.05089943830792
Z7-C26,73.88262996723785,20.04954046609772
Z7-C27,73.88223823431346,20.05272227069089
Z7-C28,73.88116810001137,20.05004237482364
Z7-C29,73.88426338425359,20.05121457750578
Z7-C30,73.8841302222632,20.04973296338183
Z7-C31,73.88289556417962,20.04925392683799
Z7-C32,73.8845735072003,20.05020803671649
Z7-C33,73.88198107179103,20.05100463831235
Z7-C34,73.88441636650808,20.05019577408459
Z7-C35,73.88313575106615,20.05053843401731
Z7-C36,73.88319607524826,20.05053654503992
Z7-C37,73.88195350358403,20.0502406336456
Z7-C38,73.88221848016053,20.05171289176825
Z7-C39,73.88311545813286,20.05124039254478
Z7-C40,73.88168476190162,20.0508256776497
Z8-C1,73.86418938634,19.99914176996406
Z8-C2,73.86511152381343,19.99964205732617
Z8-C3,73.86570489405577,19.99903303541891
Z8-C4,73.86445819495223,19.99815784616768
Z8-C5,73.86474612109583,19.99806896542076
Z8-C6,73.86533798078355,19.99891206310678
Z8-C7,73.86436133446166,19.9984991121068
Z8-C8,73.86556961648334,19.9981127837397
Z8-C9,73.86460002226886,19.99842543187271
Z8-C10,73.86552971846697,19.99925182337553
Z8-C11,73.86534378981175,19.99873943118976
Z8-C12,73.8656427175651,19.99818772442228
Z8-C13,73.8648634936481,19.99906839012847
Z8-C14,73.86528569434688,19.99938688564239
Z8-C15,73.86538619791106,19.99968201054358
Z8-C16,73.8653410000246,19.99800459563719
Z8-C17,73.86536341354987,19.99962183439856
Z8-C18,73.86527943722707,19.99818735405634
Z8-C19,73.86442709361555,19.99809509638978
Z8-C20,73.86499097188695,19.9997241553919
Z8-C21,73.8645541503905,19.99932842978937
Z8-C22,73.8655790814013,19.99861264552078
Z8-C23,73.86527689926709,19.99957921218302
Z8-C24,73.86504153817015,19.99827354429616
Z8-C25,73.8644915019851,19.99826080370722
Z8-C26,73.86469429656508,19.99862207195692
Z8-C27,73.86509314176037,19.99975583455167
Z8-C28,73.86507901228725,19.99841824254943
Z8-C29,73.86417143481604,19.99913916848288
Z8-C30,73.86540334236372,19.99807228359242
Z8-C31,73.86547791987047,19.99961440532482
Z8-C32,73.86461568705282,19.99885700077736
Z8-C33,73.86565848677458,19.99852792410526
Z8-C34,73.8648246047952,19.99853760358916
Z8-C35,73.86501544377536,19.99834057617083
Z8-C36,73.86542160760483,19.99851950825917
Z8-C37,73.8652004679172,19.99883546424157
Z8-C38,73.86413695325909,19.99861523677815
Z8-C39,73.8644412844094,19.99809362506191
Z8-C40,73.86544330725437,19.99937005572464
Z9-C1,73.7182131053121,20.02857888186975
Z9-C2,73.71821811168533,20.02944219743389
Z9-C3,73.71789331707471,20.02861663958662
Z9-C4,73.71835133434439,20.02900675647336
Z9-C5,73.71805510041662,20.02848951635513
Z9-C6,73.71967337266955,20.02841939189233
Z9-C7,73.71796184264365,20.02860297670375
Z9-C8,73.71846070102438,20.02960407654815
Z9-C9,73.71886768604143,20.02886525777079
Z9-C10,73.71783565570792,20.02899750085115
Z9-C11,73.71839758405528,20.02877910160491
Z9-C12,73.71861136851493,20.02857109807088
Z9-C13,73.71822708293561,20.02942650733154
Z9-C14,73.71823675666927,20.02973796731986
Z9-C15,73.71879374635813,20.02905053827017
Z9-C16,73.71822983124534,20.02886035243947
Z9-C17,73.71785886505977,20.02898259080539
Z9-C18,73.7189417483517,20.02856700617705
Z9-C19,73.7186321909145,20.02938098639259
Z9-C20,73.71799563076712,20.0298409674513
Z9-C21,73.71867964006923,20.02890117586622
Z9-C22,73.71885809047167,20.02856920014305
Z9-C23,73.7180404599555,20.02917009092841
Z9-C24,73.71818294830389,20.02896695488274
Z9-C25,73.71825593080365,20.02963140594432
Z9-C26,73.71798050485629,20.02907519190425
Z9-C27,73.71782691130362,20.02977669890103
Z9-C28,73.71817455232109,20.02865811718062
Z9-C29,73.71804091783346,20.02939039186922
Z9-C30,73.71840174998222,20.02940024969013
Z9-C31,73.71780214454033,20.02894580518328
Z9-C32,73.7178853876201,20.0297654468161
Z9-C33,73.71878537502351,20.02888951503567
Z9-C34,73.71851234036758,20.02895126482886
Z9-C35,73.71906725252583,20.02892995433117
Z9-C36,73.71955452585563,20.02862601043624
Z9-C37,73.71841704660095,20.02914582530857
Z9-C38,73.7182174743726,20.02904766597549
Z9-C39,73.7187688073299,20.02928086207872
Z9-C40,73.71887080183188,20.02914226069916
Z10-C1,73.7560360039355,19.96185868282646
Z10-C2,73.75687421340622,19.96126656148915
Z10-C3,73.75543961225307,19.96103622551772
Z10-C4,73.75557762149342,19.96070842133265
Z10-C5,73.75656166471413,19.96069158831886
Z10-C6,73.7561447531038,19.96050722124831
Z10-C7,73.75780298105789,19.96125405327506
Z10-C8,73.75617193526156,19.96109857378396
Z10-C9,73.75740988536788,19.96143865428689
Z10-C10,73.75582297263996,19.96138676645431
Z10-C11,73.75636727324647,19.96195491753291
Z10-C12,73.75690115856004,19.9613582796698
Z10-C13,73.75741754712156,19.96067980184632
Z10-C14,73.75650776587676,19.96157142585731
Z10-C15,73.75726186959773,19.96076043377219
Z10-C16,73.75738576664709,19.96127555521606
Z10-C17,73.75752024078486,19.96121502193078
Z10-C18,73.75719248919282,19.96202119714806
Z10-C19,73.75674933600021,19.96181592475858
Z10-C20,73.75746005828196,19.96185204341296
Z10-C21,73.75571391053204,19.96097422819015
Z10-C22,73.75702371661961,19.96181745709524
Z10-C23,73.75649065463422,19.96100230758254
Z10-C24,73.7560281110012,19.96173676388113
Z10-C25,73.75721542321017,19.96172143030614
Z10-C26,73.75751419611872,19.96080807215846
Z10-C27,73.75750654637854,19.96075041051694
Z10-C28,73.7558812774651,19.96063696371887
Z10-C29,73.75628703245812,19.96151639960885
Z10-C30,73.75560573000124,19.96127597932859
Z10-C31,73.75604635689841,19.96148542928009
Z10-C32,73.75619641537611,19.96018418678953
Z10-C33,73.75773159526258,19.96126697616759
Z10-C34,73.75741092192132,19.9609426619967
Z10-C35,73.75716648866079,19.96172205600734
Z10-C36,73.75752671444167,19.9610234235773
Z10-C37,73.75642926083397,19.96026848792457
Z10-C38,73.75632258796914,19.96019836197637
Z10-C39,73.75585627603027,19.96082487345635
Z10-C40,73.75727600146381,19.96090911230863
Z11-C1,73.85000679709161,19.9501331025981
Z11-C2,73.84885535214673,19.95065270853649
Z11-C3,73.84979156490677,19.95023037430031
Z11-C4,73.84886018429386,19.95031759370583
Z11-C5,73.8488072814557,19.95112431766386
Z11-C6,73.84813048166947,19.9499086915928
Z11-C7,73.84939486790246,19.95098396207424
Z11-C8,73.8497887992812,19.94956572246169
Z11-C9,73.84951326792918,19.9507845735257
Z11-C10,73.84970683056278,19.95042272458452
Z11-C11,73.84979132324845,19.95131489200345
Z11-C12,73.84819251817252,19.9498589139793
Z11-C13,73.84977608066879,19.95096319417507
Z11-C14,73.84884685247596,19.95112457172867
Z11-C15,73.84890721492252,19.94962253171237
Z11-C16,73.84886391570281,19.94998141247839
Z11-C17,73.8497860696219,19.95081096543609
Z11-C18,73.84887617462127,19.95055789395964
Z11-C19,73.84953685351834,19.950630688416
Z11-C20,73.84979459681699,19.94973991364884
Z11-C21,73.84843272359109,19.9507119495897
Z11-C22,73.849634556557,19.95067418635346
Z11-C23,73.84884026813572,19.95143589971947
Z11-C24,73.8498696620907,19.950424881249
Z11-C25,73.84888963095683,19.95106359120806
Z11-C26,73.84786813791986,19.9499621113804
Z11-C27,73.84976923378255,19.94981323380973
Z11-C28,73.84985075251888,19.95046717273332
Z11-C29,73.84831781887618,19.95068344202084
Z11-C30,73.84937752674115,19.94958856348394
Z11-C31,73.84911922414577,19.95071680311617
Z11-C32,73.84961015959776,19.95094461397508
Z11-C33,73.84889791839586,19.95102442346886
Z11-C34,73.84901622356973,19.94979177433267
Z11-C35,73.84906587638761,19.95008108131733
Z11-C36,73.84884361297019,19.9509533507983
Z11-C37,73.84897432199571,19.95148798922143
Z11-C38,73.8489915415276,19.95008490402057
Z11-C39,73.85001945644221,19.94986769627413
Z11-C40,73.84894032547483,19.95036580782207
Z12-C1,73.80642199493286,20.07753382657422
Z12-C2,73.80733589270561,20.07537125732388
Z12-C3,73.80792831506693,20.07441724363601
Z12-C4,73.80890057784018,20.07708372516849
Z12-C5,73.80644748604335,20.07433896789771
Z12-C6,73.80622645978869,20.07724341066519
Z12-C7,73.80679757795772,20.07535503163897
Z12-C8,73.80646475035263,20.07392063864024
Z12-C9,73.80697737472164,20.07408532310402
Z12-C10,73.8102706362662,20.07649082170039
Z12-C11,73.80688530130071,20.07440125604993
Z12-C12,73.80861468144533,20.07324461215164
Z12-C13,73.80950574749525,20.0772843636294
Z12-C14,73.81034031803284,20.07653998304738
Z12-C15,73.80788867930124,20.07597014974971
Z12-C16,73.80762636785995,20.07318189762843
Z12-C17,73.8083267366988,20.07685891368607
Z12-C18,73.80886800435876,20.07698062693197
Z12-C19,73.80877241586225,20.07722562431501
Z12-C20,73.80801299600883,20.07265987667178
Z12-C21,73.8067129667625,20.07707910500211
Z12-C22,73.80569563618053,20.07668721708013
Z12-C23,73.80637418575418,20.07554187020444
Z12-C24,73.80828404379503,20.07546274132934
Z12-C25,73.80720321420137,20.07259258087686
Z12-C26,73.81082329931246,20.07633412652732
Z12-C27,73.80749551972906,20.07565183592549
Z12-C28,73.80871357236519,20.07517321306189
Z12-C29,73.80837933950706,20.07379120671815
Z12-C30,73.80713245901674,20.07234272230789
Z12-C31,73.80854573523175,20.07445949312485
Z12-C32,73.80856069494162,20.07558112302279
Z12-C33,73.8073151065754,20.07707606898168
Z12-C34,73.80620138644592,20.07422256173695
Z12-C35,73.8064930545788,20.07481975632678
Z12-C36,73.80950340247804,20.07587633227985
Z12-C37,73.80749720509498,20.07537288459124
Z12-C38,73.80665311540622,20.07544319580283
Z12-C39,73.80967264863452,20.07642780388382
Z12-C40,73.80828062122663,20.0738796871146
Z13-C1,73.7810194424995,20.0835683276762
Z13-C2,73.78123006513124,20.08385506326019
Z13-C3,73.78138622508773,20.08385583305137
Z13-C4,73.78184717912295,20.08458716523914
Z13-C5,73.78077767326089,20.08398203843655
Z13-C6,73.7821349160044,20.08442769019488
Z13-C7,73.78329065013968,20.08388721445609
Z13-C8,73.78322789417219,20.08437900564576
Z13-C9,73.78299642272891,20.08477295938183
Z13-C10,73.78260771123297,20.08459240942197
Z13-C11,73.78324544627907,20.08460052596385
Z13-C12,73.781854166537,20.08392415329248
Z13-C13,73.7828645256413,20.08394755275528
Z13-C14,73.78282160123727,20.08393964121156
Z13-C15,73.78245822120158,20.08466205783582
Z13-C16,73.78259612365605,20.08463650719581
Z13-C17,73.78116063277099,20.08460430451354
Z13-C18,73.78180529634065,20.08457543646852
Z13-C19,73.78153108400907,20.08431084045347
Z13-C20,73.78210910236476,20.08372914912245
Z13-C21,73.78363282974681,20.08397967473508
Z13-C22,73.78351249944565,20.08439807634441
Z13-C23,73.78127978692227,20.08463886002496
Z13-C24,73.7817766287785,20.0843121138024
Z13-C25,73.78344699402327,20.08436892518212
Z13-C26,73.78156905703675,20.08468078462097
Z13-C27,73.78427008059887,20.08420699384469
Z13-C28,73.78256838974389,20.08387903849071
Z13-C29,73.78292904316464,20.08483001137326
Z13-C30,73.78250768118,20.08412251262221
Z13-C31,73.78183106980808,20.08453431697217
Z13-C32,73.78274259598375,20.08386362780794
Z13-C33,73.7834785079172,20.08448092750643
Z13-C34,73.78107177835159,20.084140056965
Z13-C35,73.78233400056263,20.08375369202838
Z13-C36,73.78121195166752,20.08424213058318
Z13-C37,73.78257622867626,20.08474250103402
Z13-C38,73.78302617534959,20.08429266602353
Z13-C39,73.78098294974741,20.08397442235898
Z13-C40,73.7810243868453,20.08419069441705
Z14-C1,73.71942025962389,20.02690465736626
Z14-C2,73.71881043398014,20.02727000720689
Z14-C3,73.71952561566958,20.0272617758209
Z14-C4,73.71864314701571,20.0274838831915
Z14-C5,73.71938054801207,20.02808839230167
Z14-C6,73.71938757582909,20.02668426134311
Z14-C7,73.71930437215804,20.02653368767067
Z14-C8,73.71958942748492,20.02622591946307
Z14-C9,73.71846906411584,20.02763364856898
Z14-C10,73.71876130961785,20.02771078862337
Z14-C11,73.71917561381315,20.02835797540661
Z14-C12,73.71905385268147,20.02742281403729
Z14-C13,73.71858154324853,20.0278448437711
Z14-C14,73.71964281553198,20.02780066292361
Z14-C15,73.71886507967946,20.02849015792801
Z14-C16,73.71858332092404,20.02745964641966
Z14-C17,73.71924119360617,20.02774524833124
Z14-C18,73.71943112684235,20.02745171057209
Z14-C19,73.71974318503874,20.02760150953156
Z14-C20,73.71921139337427,20.02828025189255
Z14-C21,73.71910672484508,20.02756399214448
Z14-C22,73.719609495956,20.0268405119087
Z14-C23,73.71838306928808,20.02750918384871
Z14-C24,73.71951486090286,20.02762085405059
Z14-C25,73.71851697828795,20.0276549925103
Z14-C26,73.71969540079927,20.02762534760335
Z14-C27,73.7193929572566,20.02776114772866
Z14-C28,73.71964432301485,20.0269524451848
Z14-C29,73.7188926900988,20.02728635782406
Z14-C30,73.71856682038045,20.02750944878011
Z14-C31,73.7195345689287,20.02685518071655
Z14-C32,73.71852224134186,20.02830619486048
Z14-C33,73.71930670109266,20.02696716766015
Z14-C34,73.71931832679162,20.02736759357241
Z14-C35,73.71871810930105,20.0270755246568
Z14-C36,73.7194020066999,20.02742965767717
Z14-C37,73.71903502878797,20.02707725766555
Z14-C38,73.71813482813441,20.02767785243813
Z14-C39,73.71930809107968,20.02719018442103
Z14-C40,73.71860301890499,20.02788259271876
Z15-C1,73.84300610383805,19.93959917215918
Z15-C2,73.84423899193311,19.94294989526708
Z15-C3,73.84291819735323,19.94313813415028
Z15-C4,73.84334544923892,19.94021503780335
Z15-C5,73.84386461036075,19.94234394504078
Z15-C6,73.84288822961102,19.94188849564322
Z15-C7,73.84428324815805,19.94289157728183
Z15-C8,73.84399175706874,19.9403959379196
Z15-C9,73.84359480453989,19.9395541618312
Z15-C10,73.84390341045226,19.94072409331667
Z15-C11,73.84342347010383,19.94148035583868
Z15-C12,73.84358191275075,19.93943014682178
Z15-C13,73.84380747141078,19.94203038846634
Z15-C14,73.84344346151778,19.9414459679652
Z15-C15,73.84363064203283,19.93963035804822
Z15-C16,73.84237512466697,19.9401268609442
Z15-C17,73.843147856871,19.94087186213836
Z15-C18,73.84301190408294,19.93997736905221
Z15-C19,73.84275553269495,19.93925826394799
Z15-C20,73.84365384106592,19.93945262239232
Z15-C21,73.842741797977,19.93959426751903
Z15-C22,73.84339229002651,19.93990792578609
Z15-C23,73.84357490343989,19.94099287145725
Z15-C24,73.84473302840061,19.94294074421609
Z15-C25,73.84259446260872,19.94134782086627
Z15-C26,73.84477385294991,19.94273653324551
Z15-C27,73.84272685438036,19.93916382469324
Z15-C28,73.84391056940765,19.94131311203364
Z15-C29,73.84361671900467,19.93951363132864
Z15-C30,73.84284266767581,19.94180356363551
Z15-C31,73.84413652876917,19.94104608197011
Z15-C32,73.84315280535756,19.93931629778151
Z15-C33,73.84348804717096,19.94200785814045
Z15-C34,73.84284981770207,19.94050631479332
Z15-C35,73.84246931782943,19.94076446142445
Z15-C36,73.84364375795295,19.94234132491214
Z15-C37,73.84377956855727,19.94094727960038
Z15-C38,73.84300361557429,19.94012806802872
Z15-C39,73.84466715658608,19.94290615036325
Z15-C40,73.84444745451984,19.94262218552409
Z16-C1,73.84361700099963,19.94505292458987
Z16-C2,73.84500915047028,19.94469904035094
Z16-C3,73.84481171415162,19.9451401464483
Z16-C4,73.84509063695803,19.94615473064909
Z16-C5,73.84278796223356,19.94453935576524
Z16-C6,73.8430701898971,19.94394028718953
Z16-C7,73.84344305617562,19.9440051121554
Z16-C8,73.84393896321508,19.94355180277149
Z16-C9,73.84304809852726,19.94452431049215
Z16-C10,73.84517030492049,19.94646304268161
Z16-C11,73.84328941463248,19.94442059385675
Z16-C12,73.84514989764111,19.94511055326107
Z16-C13,73.8427080123523,19.94388438035747
Z16-C14,73.84503688077778,19.94516418596344
Z16-C15,73.84490523680897,19.94388387643733
Z16-C16,73.84350140323757,19.94483705848432
Z16-C17,73.84404563577326,19.9442333946977
Z16-C18,73.84436607026112,19.94606825794888
Z16-C19,73.84414238654938,19.94343980688163
Z16-C20,73.8426933804724,19.94394942427344
Z16-C21,73.84468999458602,19.94577380916896
Z16-C22,73.84316357874664,19.9436909405582
Z16-C23,73.84488257316767,19.94337234381077
Z16-C24,73.84398303907803,19.94478689193839
Z16-C25,73.84410120588365,19.94547830111336
Z16-C26,73.84373350616407,19.94535328040968
Z16-C27,73.84346902571258,19.94424594825184
Z16-C28,73.84434012442304,19.94557349203184
Z16-C29,73.84375942110829,19.94494481418982
Z16-C30,73.8425466077571,19.94389375493909
Z16-C31,73.84324256476552,19.94419915238195
Z16-C32,73.84498451610543,19.94588786274777
Z16-C33,73.84511621528426,19.94451765835474
Z16-C34,73.84502980823679,19.94380908227214
Z16-C35,73.84509357640883,19.94421269733641
Z16-C36,73.84558661292218,19.94527361718257
Z16-C37,73.84320080559473,19.94377026006767
Z16-C38,73.8438175644258,19.94374691829251
Z16-C39,73.8444329252186,19.94627368596746
Z16-C40,73.84413933244107,19.9454752755752
Z17-C1,73.8086755191319,20.07711082986404
Z17-C2,73.80640842387606,20.0780726333493
Z17-C3,73.80652324732267,20.07753670611301
Z17-C4,73.80958960267766,20.07677964045869
Z17-C5,73.80687543212551,20.0757299983922
Z17-C6,73.80791503897991,20.0752801724767
Z17-C7,73.80880699109443,20.07410441238957
Z17-C8,73.80923172612589,20.07620860111729
Z17-C9,73.81062870863785,20.0762313957661
Z17-C10,73.80649768759838,20.07427707172429
Z17-C11,73.80729788440945,20.07648595341818
Z17-C12,73.80861088476487,20.07318516342705
Z17-C13,73.80577485270487,20.0764102237843
Z17-C14,73.8089781179557,20.07336048309016
Z17-C15,73.81024843941545,20.07614528925714
Z17-C16,73.8084963443865,20.07659283893569
Z17-C17,73.80639550782806,20.07649980265688
Z17-C18,73.80745292773932,20.07794463172547
Z17-C19,73.80959891847522,20.07622039902012
Z17-C20,73.80888443445305,20.07656685372478
Z17-C21,73.80700344666863,20.07719039169532
Z17-C22,73.80718037228326,20.07677974508055
Z17-C23,73.80894847092648,20.07736279878505
Z17-C24,73.80928934632269,20.07704992516698
Z17-C25,73.8063105303611,20.07230549099062
Z17-C26,73.80843898687081,20.07541990000486
Z17-C27,73.80866964512225,20.07769364235414
Z17-C28,73.8086161284687,20.07494239648312
Z17-C29,73.80666897013569,20.07252915789827
Z17-C30,73.80556618367984,20.07613334397504
Z17-C31,73.80597558479573,20.07398077309587
Z17-C32,73.80826620871456,20.07751620524073
Z17-C33,73.80779126490077,20.07484948560865
Z17-C34,73.80577985121178,20.07509856021014
Z17-C35,73.80697392305375,20.07512862823698
Z17-C36,73.80759313090526,20.07754983216422
Z17-C37,73.80768320851331,20.07586525093929
Z17-C38,73.80788269837986,20.07271407004713
Z17-C39,73.80680513840538,20.07811593415742
Z17-C40,73.80845367503865,20.07452732220888
Z18-C1,73.81055125764154,20.05988127591147
Z18-C2,73.80998548297742,20.06083580581453
Z18-C3,73.81300569029352,20.06205277778734
Z18-C4,73.8147329460419,20.06217969874078
Z18-C5,73.80791345539666,20.06311720561754
Z18-C6,73.81061440964486,20.06004515976961
Z18-C7,73.80752984299225,20.06452389935136
Z18-C8,73.81483776797617,20.06135808658088
Z18-C9,73.8114295840298,20.06044828299303
Z18-C10,73.81145696135567,20.05898707470095
Z18-C11,73.81026501492718,20.0617977535662
Z18-C12,73.81037316382499,20.06401596234522
Z18-C13,73.81068847302303,20.05820769250554
Z18-C14,73.80687435835237,20.06097861638986
Z18-C15,73.81083983100827,20.05909093713367
Z18-C16,73.81055531010304,20.05857470268741
Z18-C17,73.81426368155671,20.06312269287909
Z18-C18,73.81472388611868,20.06139387465945
Z18-C19,73.81095326036844,20.06309590080295
Z18-C20,73.8128482609788,20.06278430397328
Z18-C21,73.81019644203951,20.06395927790829
Z18-C22,73.80978577854911,20.06378452748214
Z18-C23,73.80806308160176,20.06262397994162
Z18-C24,73.81303640294776,20.06198853518381
Z18-C25,73.81285012039541,20.06210629011852
Z18-C26,73.80808127079221,20.06326014958959
Z18-C27,73.80729566449982,20.0650303637442
Z18-C28,73.81166310292608,20.06272247110239
Z18-C29,73.81121320686523,20.05798492560384
Z18-C30,73.80968877095066,20.06162918396073
Z18-C31,73.81043467951253,20.06400674738653
Z18-C32,73.81372299971332,20.06209890041218
Z18-C33,73.8101511718105,20.06079553978569
Z18-C34,73.80716150189487,20.06478994857809
Z18-C35,73.80813582952312,20.06256873039568
Z18-C36,73.80907097657386,20.05919932544228
Z18-C37,73.81306916548705,20.06202059270126
Z18-C38,73.80751587231339,20.06078844727531
Z18-C39,73.80912407426165,20.06370383837515
Z18-C40,73.8107627617959,20.06319270758209
Z19-C1,73.71888496520927,19.93670875532737
Z19-C2,73.71699301163082,19.93621883967296
Z19-C3,73.71833508544597,19.93670122829272
Z19-C4,73.71611907066827,19.93641579592446
Z19-C5,73.71679800991595,19.93662116487318
Z19-C6,73.71831422000824,19.93615212222302
Z19-C7,73.71866401363914,19.93635836839464
Z19-C8,73.71764691195054,19.93622255466866
Z19-C9,73.71858808154025,19.93676545170416
Z19-C10,73.71851747804153,19.93614838931805
Z19-C11,73.7167049737971,19.93697084313265
Z19-C12,73.71784838530272,19.9363489173316
Z19-C13,73.71609790181732,19.93664070180074
Z19-C14,73.71896178417549,19.93645844730121
Z19-C15,73.71615191948736,19.93648510884807
Z19-C16,73.71717199809646,19.93635913083087
Z19-C17,73.71675560157956,19.93683927372138
Z19-C18,73.71596470946307,19.93638216405029
Z19-C19,73.71614460473803,19.93662980684107
Z19-C20,73.71876709303368,19.93618335014544
Z19-C21,73.71889232746133,19.9360650762684
Z19-C22,73.71724620112427,19.93699006791959
Z19-C23,73.71710698001844,19.9367330173952
Z19-C24,73.71649470117248,19.93652689697273
Z19-C25,73.71740601870101,19.93661759335773
Z19-C26,73.71678524135696,19.9367127523515
Z19-C27,73.7180601537104,19.93680564051942
Z19-C28,73.7182944500477,19.93631770134904
Z19-C29,73.71624365843603,19.93685973750961
Z19-C30,73.71693547624453,19.93638263234074
Z19-C31,73.7181245676235,19.93689671722792
Z19-C32,73.71627573344303,19.93685314560387
Z19-C33,73.71625282356686,19.93651982046213
Z19-C34,73.71751042889781,19.93661123734218
Z19-C35,73.71899796764593,19.93635127174724
Z19-C36,73.71823105231108,19.93681307615003
Z19-C37,73.71669490549996,19.93642432834534
Z19-C38,73.71735049063773,19.93640054069584
Z19-C39,73.71784946426298,19.93632860794866
Z19-C40,73.71718021459783,19.93683754782572
Z20-C1,73.71290899652291,19.94058734876581
Z20-C2,73.71491210552925,19.94001463089436
Z20-C3,73.71304063869373,19.94065691132048
Z20-C4,73.71503723476309,19.93864692481847
Z20-C5,73.7132174667405,19.94023501464272
Z20-C6,73.71370744557443,19.93992870518852
Z20-C7,73.71506927116141,19.93952983461561
Z20-C8,73.71477164333987,19.93955253188662
Z20-C9,73.7137800307884,19.93987864360858
Z20-C10,73.71355518674403,19.94035101984016
Z20-C11,73.71303956995774,19.94062513331567
Z20-C12,73.71377523769388,19.94030990153238
Z20-C13,73.7149860721475,19.93994455623153
Z20-C14,73.71455396164112,19.94026771019654
Z20-C15,73.71522384604675,19.9394121050961
Z20-C16,73.71428479095513,19.93996923917804
Z20-C17,73.71348517206707,19.94035087793636
Z20-C18,73.71521926100476,19.93882839503909
Z20-C19,73.71460495165474,19.94037586049423
Z20-C20,73.71521101454246,19.93847832725954
Z20-C21,73.71412887510303,19.93953761847152
Z20-C22,73.7143778417432,19.94015113250632
Z20-C23,73.71385268372029,19.94029454566166
Z20-C24,73.71388882579865,19.9401694658421
Z20-C25,73.71450313748038,19.94023040016971
Z20-C26,73.71516499241639,19.93882760009084
Z20-C27,73.71314405310859,19.94035865645784
Z20-C28,73.71405227778946,19.93992912418203
Z20-C29,73.71383511064435,19.94009183118156
Z20-C30,73.71441662089572,19.93982891819758
Z20-C31,73.71313207440473,19.94019189003551
Z20-C32,73.71521433558624,19.93846763542654
Z20-C33,73.7136046986138,19.93986833577497
Z20-C34,73.71353586501891,19.93988650756604
Z20-C35,73.71494347886404,19.93955557650389
Z20-C36,73.71467365706756,19.93949248209741
Z20-C37,73.71471916545008,19.93919291605604
Z20-C38,73.71444409273269,19.93981537454875
Z20-C39,73.71346131381893,19.94010384804733
Z20-C40,73.71380851774573,19.94006105839689
Z21-C1,73.81794484106368,19.98324606550453
Z21-C2,73.82114098789377,19.98308467425294
Z21-C3,73.81930894131503,19.98341082574005
Z21-C4,73.81857564044793,19.98411799606115
Z21-C5,73.82001314159994,19.98312069326851
Z21-C6,73.8185617325565,19.98326194110657
Z21-C7,73.81883543043028,19.98305256400457
Z21-C8,73.82128363817705,19.98337212749388
Z21-C9,73.8188314790138,19.9839004370782
Z21-C10,73.81967754365503,19.98298741594514
Z21-C11,73.8182569904301,19.98431914851117
Z21-C12,73.82169607210746,19.98291274879404
Z21-C13,73.82048035360512,19.983240564834
Z21-C14,73.81915278482579,19.98332725102485
Z21-C15,73.81907304095651,19.9846333817293
Z21-C16,73.82083835012804,19.98333395807841
Z21-C17,73.81834515747292,19.98433265277085
Z21-C18,73.8206244559598,19.98300521970281
Z21-C19,73.81818179992683,19.98331823345333
Z21-C20,73.82131730804747,19.98315195206868
Z21-C21,73.82157189462438,19.98300437076685
Z21-C22,73.81802418972724,19.98310028373705
Z21-C23,73.81980394820366,19.98326487850035
Z21-C24,73.81931603412563,19.98288586513879
Z21-C25,73.81916220302149,19.98458350984927
Z21-C26,73.81947041007716,19.98310784581549
Z21-C27,73.82119447175262,19.98341151250544
Z21-C28,73.81890128987676,19.98303870184859
Z21-C29,73.81989031392183,19.98347628337575
Z21-C30,73.81843756944912,19.98476413079991
Z21-C31,73.81865025577002,19.98455385096327
Z21-C32,73.8215120282375,19.98314591478682
Z21-C33,73.82057907314751,19.98295508869965
Z21-C34,73.81907724492574,19.98496650596732
Z21-C35,73.81907206386194,19.9842594592655
Z21-C36,73.82051615351858,19.98286737449053
Z21-C37,73.8214450031978,19.98323832434274
Z21-C38,73.8186322395518,19.98335282810993
Z21-C39,73.82051456621969,19.98315799112237
Z21-C40,73.81896229075574,19.98395164677753
Z22-C1,73.82645518247311,19.96908216663985
Z22-C2,73.82954637122427,19.96871289169484
Z22-C3,73.82521594171335,19.96936700018881
Z22-C4,73.82748788307248,19.9688818681058
Z22-C5,73.82486790192696,19.96946167761729
Z22-C6,73.83027805091096,19.96864641840785
Z22-C7,73.82564097812428,19.96917159061177
Z22-C8,73.82695339096607,19.96903395715369
Z22-C9,73.8276413533791,19.96873213509081
Z22-C10,73.82639337584179,19.96905666297851
Z22-C11,73.82632280778894,19.96919533453514
Z22-C12,73.82613183058278,19.96889658605833
Z22-C13,73.83039906070854,19.96862042212596
Z22-C14,73.82617819206408,19.96905516388007
Z22-C15,73.82892039966505,19.96869002425729
Z22-C16,73.82810312340155,19.96908129696237
Z22-C17,73.82528016532733,19.96908922990014
Z22-C18,73.82761883903139,19.96930699144663
Z22-C19,73.8262188001496,19.96921678414114
Z22-C20,73.82943766749432,19.96913207473747
Z22-C21,73.82643633643076,19.96912134268741
Z22-C22,73.82943802970257,19.96907505251585
Z22-C23,73.82675634177208,19.96937638542345
Z22-C24,73.8289812610593,19.96924213694076
Z22-C25,73.83069370254968,19.96882513287592
Z22-C26,73.82755792999093,19.96886762121961
Z22-C27,73.82527180665913,19.96923235211324
Z22-C28,73.82665931892781,19.96925759088493
Z22-C29,73.82864049214935,19.96874846528431
Z22-C30,73.83066998704841,19.96918048711533
Z22-C31,73.82768087945846,19.96897763517162
Z22-C32,73.8261530567782,19.96909004622614
Z22-C33,73.83029750080054,19.96901466016892
Z22-C34,73.8305105369176,19.9686581200187
Z22-C35,73.83058098048522,19.96870239565702
Z22-C36,73.83075849548268,19.96893914254339
Z22-C37,73.82695098380773,19.96897357545954
Z22-C38,73.82932959164684,19.96893556487015
Z22-C39,73.82874517525912,19.9690737908915
Z22-C40,73.82956733315415,19.96908309629796
Z23-C1,73.82429900393228,19.96825809365523
Z23-C2,73.82502443729226,19.96811619801299
Z23-C3,73.82534455309178,19.96814891473364
Z23-C4,73.8253556072321,19.9682899091843
Z23-C5,73.82527648216845,19.96823503746952
Z23-C6,73.82517302981442,19.96844340290628
Z23-C7,73.82513722071528,19.96797198991029
Z23-C8,73.82419730456054,19.96773467636745
Z23-C9,73.82391249367994,19.96834522152053
Z23-C10,73.82475387762368,19.96793356674128
Z23-C11,73.82398167129216,19.96850715381802
Z23-C12,73.82529336745955,19.96845568660327
Z23-C13,73.82430481014653,19.96857477224089
Z23-C14,73.82395819793163,19.96780452543223
Z23-C15,73.82549807883109,19.96869644624377
Z23-C16,73.82543660684786,19.9686466864522
Z23-C17,73.8250107523217,19.96821891229186
Z23-C18,73.82466716074303,19.96810738282488
Z23-C19,73.82438017300957,19.96862139255598
Z23-C20,73.82469795274817,19.96843117277634
Z23-C21,73.82403750311067,19.96857656098051
Z23-C22,73.82491331368675,19.96814082478586
Z23-C23,73.82429076633709,19.96829251255571
Z23-C24,73.82423480537322,19.9677113030973
Z23-C25,73.82548004679357,19.9677910070058
Z23-C26,73.82391674427058,19.96863909882712
Z23-C27,73.82426214580579,19.96769489076614
Z23-C28,73.8246487900586,19.96843596054489
Z23-C29,73.82544797559278,19.96808598055262
Z23-C30,73.82512206546525,19.96805720378214
Z23-C31,73.82490080530101,19.96810200370626
Z23-C32,73.82517945505579,19.96822699647737
Z23-C33,73.82541137129506,19.96792491177966
Z23-C34,73.82401854645317,19.96855567179842
Z23-C35,73.82451459185805,19.96848828513719
Z23-C36,73.82469708214644,19.96850527762528
Z23-C37,73.82501759500056,19.96818781349807
Z23-C38,73.82555263250627,19.96804524115801
Z23-C39,73.82396441565258,19.9678256978543
Z23-C40,73.82500151914205,19.96828679188824
Z24-C1,73.76893129984545,20.03764039318122
Z24-C2,73.76894288481272,20.03441663281509
Z24-C3,73.76950530025354,20.03779733755788
Z24-C4,73.7689011990349,20.03585889369456
Z24-C5,73.7697315171715,20.03702600824094
Z24-C6,73.7686591070875,20.03501152373502
Z24-C7,73.76984901760177,20.03481429602747
Z24-C8,73.76884978588237,20.03494479664907
Z24-C9,73.77021721088659,20.03738918314003
Z24-C10,73.7689049784255,20.03707940216837
Z24-C11,73.76989668110289,20.03455163163911
Z24-C12,73.77080418082937,20.03757181409574
Z24-C13,73.76923048504149,20.03686203615503
Z24-C14,73.76945030414595,20.03570306760957
Z24-C15,73.76928123306453,20.03614879794693
Z24-C16,73.76948856533764,20.03581565258136
Z24-C17,73.76893239595759,20.03728898970054
Z24-C18,73.76983185828736,20.03741590798049
Z24-C19,73.7697557917928,20.03487136545198
Z24-C20,73.76898631776683,20.03689856121423
Z24-C21,73.76924335746422,20.03408465496921
Z24-C22,73.77034009683773,20.03718421364359
Z24-C23,73.76966700748248,20.03674150069282
Z24-C24,73.77051141068486,20.03701892976051
Z24-C25,73.77015611736472,20.03715296848152
Z24-C26,73.76965971531207,20.03417917236466
Z24-C27,73.76927018092235,20.03729883503055
Z24-C28,73.76951275747592,20.03651311337635
Z24-C29,73.7696149003488,20.03596741246584
Z24-C30,73.76914983245707,20.03766212403193
Z24-C31,73.76988146923189,20.03440915223374
Z24-C32,73.76925087344817,20.03776863692657
Z24-C33,73.770806261908,20.03684732268722
Z24-C34,73.76934883072897,20.03678754703007
Z24-C35,73.76948190671379,20.03685208253535
Z24-C36,73.76873249505168,20.03599665954916
Z24-C37,73.76891042452876,20.03606521395642
Z24-C38,73.76949070343773,20.03423361003854
Z24-C39,73.76976130839387,20.0348816412477
Z24-C40,73.76907384752124,20.03677385427232
Z25-C1,73.73872356471875,20.0404550450047
Z25-C2,73.73881473537195,20.04035739052265
Z25-C3,73.73791766503338,20.04062514008561
Z25-C4,73.73901921629896,20.03864994695912
Z25-C5,73.73775843072788,20.03974619928995
Z25-C6,73.73844367905106,20.04004777448695
Z25-C7,73.73903127327209,20.03939161350765
Z25-C8,73.7386535815978,20.03959409656346
Z25-C9,73.73866202797025,20.03938826349724
Z25-C10,73.73748722232054,20.03944066458117
Z25-C11,73.73925651597081,20.03898854834423
Z25-C12,73.73999031530201,20.03985400800902
Z25-C13,73.73856843583827,20.0398542605033
Z25-C14,73.73819633476218,20.03928412277972
Z25-C15,73.73668778305753,20.04003775055563
Z25-C16,73.73766558186398,20.04015014445484
Z25-C17,73.7398831488528,20.03970293262142
Z25-C18,73.7382076353308,20.0392591986762
Z25-C19,73.73763197416827,20.04016993555791
Z25-C20,73.73701467526713,20.03998243764202
Z25-C21,73.73921097754284,20.03931862074561
Z25-C22,73.73696363485506,20.03978741328953
Z25-C23,73.73782243637415,20.04003224161429
Z25-C24,73.73666345500708,20.04002659998542
Z25-C25,73.73772052628738,20.04038424455586
Z25-C26,73.73972421541237,20.03955137127675
Z25-C27,73.73710492098809,20.04036715815127
Z25-C28,73.73732097308381,20.03923191843973
Z25-C29,73.73735600783564,20.04060290774835
Z25-C30,73.73685588370509,20.03887498675006
Z25-C31,73.73725890342105,20.04062297941796
Z25-C32,73.7392691477986,20.03949282456341
Z25-C33,73.73735810627427,20.03951162706417
Z25-C34,73.73825187339294,20.03896315030946
Z25-C35,73.73779062232674,20.04002239097537
Z25-C36,73.73744079856252,20.03926515861695
Z25-C37,73.73714075570156,20.03950586120745
Z25-C38,73.73661560703326,20.03983273712551
Z25-C39,73.73938951302995,20.03969813140528
Z25-C40,73.73882722000077,20.03973029453211
Z26-C1,73.83487408396579,20.01431177602305
Z26-C2,73.8324587145217,20.01442810526591
Z26-C3,73.83215118274927,20.01258995857584
Z26-C4,73.83521622723669,20.01292526386894
Z26-C5,73.83518512500596,20.01352259115683
Z26-C6,73.83518666541987,20.01266616192677
Z26-C7,73.8331870785052,20.01281636893228
Z26-C8,73.83416195174799,20.01256703958362
Z26-C9,73.8333409592349,20.01370987565238
Z26-C10,73.83515217408771,20.01369842675087
Z26-C11,73.83529016059516,20.01369877357905
Z26-C12,73.83311740922683,20.01313401018514
Z26-C13,73.83422286660672,20.01289412823087
Z26-C14,73.83648335053654,20.01335710222964
Z26-C15,73.83395179141141,20.01291434885005
Z26-C16,73.83246844956153,20.01369080632726
Z26-C17,73.83418760773131,20.01399524767172
Z26-C18,73.83514493276816,20.01267405876905
Z26-C19,73.83373161761301,20.01293344125948
Z26-C20,73.83583214211073,20.01399140928176
Z26-C21,73.83296590692623,20.01380612153988
Z26-C22,73.83350785921085,20.01293054654174
Z26-C23,73.83263308713464,20.01411168307227
Z26-C24,73.83423324955228,20.01408763070742
Z26-C25,73.8354993610656,20.01262144659978
Z26-C26,73.83498245567138,20.01391011844982
Z26-C27,73.83232062868919,20.01343941484208
Z26-C28,73.83431073065177,20.01423412338512
Z26-C29,73.83352778719427,20.01261769320125
Z26-C30,73.83334367059481,20.01356254123995
Z26-C31,73.83480803612417,20.0135337206202
Z26-C32,73.83291942267142,20.0142048669002
Z26-C33,73.83556607227924,20.01309104968729
Z26-C34,73.83452361954244,20.01266010175534
Z26-C35,73.83312133279793,20.01433383368424
Z26-C36,73.83550687003171,20.01380337069874
Z26-C37,73.83542549023042,20.01310163097313
Z26-C38,73.83307990913663,20.01397994479628
Z26-C39,73.83525283702195,20.01256799711659
Z26-C40,73.83559008862392,20.01377604803774
Z27-C1,73.83272897307053,20.01347284252179
Z27-C2,73.83227422405632,20.01352825249302
Z27-C3,73.83318088353477,20.01367206452158
Z27-C4,73.8330179872143,20.01317731602629
Z27-C5,73.83285440735669,20.01434572337503
Z27-C6,73.8336419494904,20.01269486656512
Z27-C7,73.83399647321191,20.01357532851966
Z27-C8,73.8341677630042,20.01255954333855
Z27-C9,73.83410563201635,20.01419450287275
Z27-C10,73.83230697042772,20.01301706801043
Z27-C11,73.83362052040069,20.01296425559526
Z27-C12,73.8328455713629,20.01277481487735
Z27-C13,73.83241320758113,20.01317304782079
Z27-C14,73.83389354298544,20.01252938773401
Z27-C15,73.83334708597913,20.0141107410799
Z27-C16,73.83391745381591,20.01299693067023
Z27-C17,73.83331274524186,20.01293326830158
Z27-C18,73.8333792068971,20.01288504065717
Z27-C19,73.83429912419354,20.01344676083293
Z27-C20,73.83243341107317,20.01332967645143
Z27-C21,73.83251506460618,20.01343693912274
Z27-C22,73.8326068934441,20.01406880130665
Z27-C23,73.83295498763002,20.01346569922022
Z27-C24,73.83408241315077,20.01333205364114
Z27-C25,73.83285499786312,20.01270493151394
Z27-C26,73.8328940409846,20.01341682810332
Z27-C27,73.83369974174505,20.01391510247961
Z27-C28,73.83334618917769,20.01246011666101
Z27-C29,73.8327465529381,20.01419448921445
Z27-C30,73.83234584754706,20.01255678575586
Z27-C31,73.83432825341998,20.01401496209688
Z27-C32,73.83292889554058,20.01383910158132
Z27-C33,73.83263154696792,20.01383181106571
Z27-C34,73.83252945060705,20.01269657876354
Z27-C35,73.83381279915947,20.01342410517173
Z27-C36,73.83377818286748,20.01403818900047
Z27-C37,73.83219215641738,20.01442725683776
Z27-C38,73.83266212723562,20.01351409455544
Z27-C39,73.83352505953616,20.01363230504036
Z27-C40,73.83325931723722,20.01439837260139
Z28-C1,73.8356299235301,20.01340035186387
Z28-C2,73.83660662491302,20.0132686516646
Z28-C3,73.83575868068367,20.0127679129512
Z28-C4,73.83469829168172,20.01342205821126
Z28-C5,73.83639154618318,20.01399564375045
Z28-C6,73.83616687876717,20.01261392337316
Z28-C7,73.83466789447019,20.01280465168111
Z28-C8,73.83584494333539,20.01308528977619
Z28-C9,73.83497588731336,20.01417528287877
Z28-C10,73.8362713260931,20.01337076237438
Z28-C11,73.83441487409297,20.01240273888216
Z28-C12,73.83622894044967,20.01339046299946
Z28-C13,73.8349631195494,20.01349896866048
Z28-C14,73.83621032664699,20.01388451872712
Z28-C15,73.83587805029552,20.01366432567685
Z28-C16,73.83554241717482,20.01338304406117
Z28-C17,73.83522046944086,20.01395555111105
Z28-C18,73.83503265314972,20.01385501629218
Z28-C19,73.83510044884461,20.0141419961494
Z28-C20,73.83577778991373,20.01339513932995
Z28-C21,73.83646202827785,20.01382570059107
Z28-C22,73.83467309915552,20.01313842540309
Z28-C23,73.83618198527248,20.01245254356814
Z28-C24,73.83544269324453,20.01387765373863
Z28-C25,73.83663364567049,20.01324382269147
Z28-C26,73.83478784659448,20.0137875138999
Z28-C27,73.83490689135735,20.0127476864437
Z28-C28,73.83537544834034,20.01369937216738
Z28-C29,73.83614080369894,20.01240439138606
Z28-C30,73.8346697544772,20.01313018141734
Z28-C31,73.83503332695653,20.01289096301522
Z28-C32,73.83475637429324,20.01325531121065
Z28-C33,73.83449211410868,20.01274124102413
Z28-C34,73.83587982215927,20.01372163670024
Z28-C35,73.8354348629062,20.01377915923637
Z28-C36,73.83642263929619,20.01288440098928
Z28-C37,73.83458086589752,20.01325576369766
Z28-C38,73.83571673347451,20.01352139936891
Z28-C39,73.83478195502568,20.01274286530737
Z28-C40,73.83501476149576,20.01397846283644
Z29-C1,73.8203829073439,19.98029637350525
Z29-C2,73.81963323370405,19.98023861219544
Z29-C3,73.81843451014592,19.980244807075
Z29-C4,73.82141689722394,19.98032134451854
Z29-C5,73.82150820864136,19.98058421317006
Z29-C6,73.82042616886207,19.97945691997017
Z29-C7,73.81878796364884,19.97945865517831
Z29-C8,73.81791248448829,19.97983701042474
Z29-C9,73.81993017647996,19.97992374956109
Z29-C10,73.82134664178616,19.97954565199629
Z29-C11,73.82108159777329,19.98052198272476
Z29-C12,73.81946990583707,19.9802802981319
Z29-C13,73.82094141608933,19.9804371114223
Z29-C14,73.82002857751228,19.98058085441967
Z29-C15,73.81961971485038,19.98000339903624
Z29-C16,73.81806829718603,19.98006066173361
Z29-C17,73.82122643414867,19.98010422338429
Z29-C18,73.81890297427418,19.97968565551418
Z29-C19,73.82011836869059,19.97979084262584
Z29-C20,73.81791601989916,19.97960465104734
Z29-C21,73.81944159278903,19.98020798861358
Z29-C22,73.82057074783069,19.97968296443184
Z29-C23,73.81989041646086,19.97990815294736
Z29-C24,73.8211433812869,19.9793410206658
Z29-C25,73.82137749974574,19.9798605137122
Z29-C26,73.81911194590057,19.97976430126502
Z29-C27,73.81991384418001,19.97948520899603
Z29-C28,73.81988052070189,19.98048688354615
Z29-C29,73.82096255744972,19.97920668191445
Z29-C30,73.820158599986,19.97950728217253
Z29-C31,73.81934740777649,19.97984298738828
Z29-C32,73.81808744132208,19.98020761664397
Z29-C33,73.82160595489394,19.98061355186297
Z29-C34,73.81962140820303,19.98036853842877
Z29-C35,73.82003991271947,19.9796153732793
Z29-C36,73.81805779307847,19.98026874942541
Z29-C37,73.82022035232902,19.97983195818139
Z29-C38,73.81975742811812,19.97965108146332
Z29-C39,73.82136479302454,19.98065254511313
Z29-C40,73.82103070453576,19.98038687807881
Z30-C1,73.78026784919551,19.99569371203073
Z30-C2,73.77962250646604,19.99426866873802
Z30-C3,73.77948276584573,19.99440605833074
Z30-C4,73.77970575662167,19.99488118708
Z30-C5,73.7804958111816,19.99495169382003
Z30-C6,73.77974341740398,19.99607292207603
Z30-C7,73.78038491247025,19.99574672478314
Z30-C8,73.77946802229525,19.99575515373793
Z30-C9,73.77958485208221,19.99533015858692
Z30-C10,73.78012351451635,19.99491516197305
Z30-C11,73.77924957777627,19.99587266869077
Z30-C12,73.78005877551708,19.99502190383182
Z30-C13,73.77952849743818,19.9950135695879
Z30-C14,73.78027677234907,19.99580709513511
Z30-C15,73.77969091445335,19.9953098849627
Z30-C16,73.78029650635571,19.99532032170412
Z30-C17,73.779806540388,19.99522937871463
Z30-C18,73.7792471843276,19.99470406329158
Z30-C19,73.78049862626203,19.99494129027268
Z30-C20,73.7797872068275,19.99517769768718
Z30-C21,73.78011925687416,19.99444295053368
Z30-C22,73.77987616904278,19.99485648871073
Z30-C23,73.78049343786445,19.99493828584966
Z30-C24,73.78026891956804,19.99599475377211
Z30-C25,73.77994573688564,19.99486627555487
Z30-C26,73.7797174134841,19.99604147508632
Z30-C27,73.78013781188554,19.99506661230276
Z30-C28,73.77919048103308,19.99501650920336
Z30-C29,73.77996455124375,19.99432811577816
Z30-C30,73.77962019020029,19.99491617889574
Z30-C31,73.77942074134887,19.99437804843632
Z30-C32,73.77957785606988,19.99600284358502
Z30-C33,73.78029773766089,19.99489545184593
Z30-C34,73.77944323687686,19.99564666670883
Z30-C35,73.77952861714346,19.99429777148518
Z30-C36,73.7802598562811,19.99598006111514
Z30-C37,73.78064315668188,19.99467022520047
Z30-C38,73.77962045337053,19.99570121822672
Z30-C39,73.77963651239747,19.99437534987844
Z30-C40,73.77953602479859,19.99547743277081
Z31-C1,73.78334878806353,19.98689218152528
Z31-C2,73.78342835701014,19.98716736137788
Z31-C3,73.7825690642448,19.98734213321571
Z31-C4,73.78263649076018,19.98611362572371
Z31-C5,73.78328658812649,19.98733227556997
Z31-C6,73.78347433287303,19.98712164141871
Z31-C7,73.78242946513788,19.98606891143912
Z31-C8,73.78259683504645,19.98734297265047
Z31-C9,73.78283483566878,19.98730508605781
Z31-C10,73.78272428875634,19.98725839116047
Z31-C11,73.78295158136628,19.98673706794192
Z31-C12,73.78229098847926,19.98694527500711
Z31-C13,73.78273897190564,19.98666535354146
Z31-C14,73.78257553749268,19.98665656621026
Z31-C15,73.78239628951518,19.98727667875043
Z31-C16,73.7826230596754,19.98733240288296
Z31-C17,73.78246915420856,19.98629262459568
Z31-C18,73.78217161492148,19.98572244470225
Z31-C19,73.78263109086055,19.98682284753857
Z31-C20,73.7829221898444,19.98634988910799
Z31-C21,73.78289952631432,19.98745022158484
Z31-C22,73.78215818448213,19.98588041305161
Z31-C23,73.78299329147721,19.98722527743523
Z31-C24,73.78333248797162,19.98694531998953
Z31-C25,73.78315322455273,19.98712836423815
Z31-C26,73.78233559614549,19.98670426775637
Z31-C27,73.78239619981831,19.98685711701687
Z31-C28,73.78248038910289,19.98602041575114
Z31-C29,73.78306088952577,19.98679779319534
Z31-C30,73.78301227905408,19.98666403847856
Z31-C31,73.78277329186488,19.98622910739627
Z31-C32,73.78274540236717,19.98622114295558
Z31-C33,73.78288073474954,19.98672043596333
Z31-C34,73.7831775218753,19.98702429177869
Z31-C35,73.78348118704317,19.98739574634937
Z31-C36,73.78265622161153,19.98746155418573
Z31-C37,73.78337676704645,19.98732169604448
Z31-C38,73.78349513777778,19.98735149172278
Z31-C39,73.78276642145246,19.98635111258863
Z31-C40,73.7828487017627,19.98694564979207
Z32-C1,73.83781499117818,19.95711166518639
Z32-C2,73.83814787457112,19.95679935494962
Z32-C3,73.8380095302965,19.956824353222
Z32-C4,73.83800264603978,19.95703766626638
Z32-C5,73.83789509410583,19.95685025680357
Z32-C6,73.83807672463116,19.95669398086553
Z32-C7,73.83773352209316,19.95686896712291
Z32-C8,73.83783808652382,19.95703380449881
Z32-C9,73.83820325633805,19.95702754794253
Z32-C10,73.83787848744524,19.95704243790181
Z32-C11,73.83806753336385,19.95682439410257
Z32-C12,73.83790612989499,19.95678159433462
Z32-C13,73.83754868215576,19.95681280579331
Z32-C14,73.83775410563733,19.95680618177338
Z32-C15,73.83788431285245,19.95711790806334
Z32-C16,73.83781307901263,19.95667436205143
Z32-C17,73.83735972909625,19.95656354204529
Z32-C18,73.83787078556671,19.95675906594112
Z32-C19,73.83748219507926,19.95670016328119
Z32-C20,73.8377006397237,19.95677811471102
Z32-C21,73.83804320762876,19.95695982921273
Z32-C22,73.83776519315987,19.95682512973286
Z32-C23,73.83774290842938,19.95657271000807
Z32-C24,73.83743919454668,19.95667308888621
Z32-C25,73.83800111737294,19.95679363965804
Z32-C26,73.83776325812232,19.95686746276461
Z32-C27,73.83813548093126,19.95659185885019
Z32-C28,73.8380473035539,19.9566040152929
Z32-C29,73.83758403116921,19.95711549866111
Z32-C30,73.83761147769177,19.95670239132392
Z32-C31,73.83754762259231,19.95669877884373
Z32-C32,73.83789082675023,19.95654915229281
Z32-C33,73.8375350442352,19.95677786926218
Z32-C34,73.83737704652229,19.95655314331793
Z32-C35,73.8377420184469,19.95657636613743
Z32-C36,73.83797677945849,19.95677347785433
Z32-C37,73.83782008996715,19.95676272136856
Z32-C38,73.83747104930589,19.9567470044225
Z32-C39,73.83805724073379,19.95673669517165
Z32-C40,73.83779230978496,19.95704887891224
